--
-- PostgreSQL database dump
--

-- Dumped from database version 17.2
-- Dumped by pg_dump version 17.2

SET statement_timeout = 0;
SET lock_timeout = 0;
SET idle_in_transaction_session_timeout = 0;
SET transaction_timeout = 0;
SET client_encoding = 'UTF8';
SET standard_conforming_strings = on;
SELECT pg_catalog.set_config('search_path', '', false);
SET check_function_bodies = false;
SET xmloption = content;
SET client_min_messages = warning;
SET row_security = off;

SET default_tablespace = '';

SET default_table_access_method = heap;

--
-- Name: author; Type: TABLE; Schema: public; Owner: postgres
--

CREATE TABLE public.author (
    id bigint NOT NULL,
    author_name character varying(255) NOT NULL
);


ALTER TABLE public.author OWNER TO postgres;

--
-- Name: author_id_seq; Type: SEQUENCE; Schema: public; Owner: postgres
--

ALTER TABLE public.author ALTER COLUMN id ADD GENERATED BY DEFAULT AS IDENTITY (
    SEQUENCE NAME public.author_id_seq
    START WITH 1
    INCREMENT BY 1
    NO MINVALUE
    NO MAXVALUE
    CACHE 1
);


--
-- Name: book; Type: TABLE; Schema: public; Owner: postgres
--

CREATE TABLE public.book (
    isbn character varying(255) NOT NULL,
    price double precision NOT NULL,
    publish_date date NOT NULL,
    thumbnail character varying(255) NOT NULL,
    title character varying(255) NOT NULL,
    publisher_id bigint,
    subject_id bigint
);


ALTER TABLE public.book OWNER TO postgres;

--
-- Name: book_author; Type: TABLE; Schema: public; Owner: postgres
--

CREATE TABLE public.book_author (
    isbn character varying(255) NOT NULL,
    author_id bigint NOT NULL
);


ALTER TABLE public.book_author OWNER TO postgres;

--
-- Name: orders; Type: TABLE; Schema: public; Owner: postgres
--

CREATE TABLE public.orders (
    isbn character varying(255) NOT NULL,
    user_name character varying(255) NOT NULL,
    order_date date NOT NULL
);


ALTER TABLE public.orders OWNER TO postgres;

--
-- Name: publisher; Type: TABLE; Schema: public; Owner: postgres
--

CREATE TABLE public.publisher (
    id bigint NOT NULL,
    publisher_name character varying(255) NOT NULL
);


ALTER TABLE public.publisher OWNER TO postgres;

--
-- Name: publisher_id_seq; Type: SEQUENCE; Schema: public; Owner: postgres
--

ALTER TABLE public.publisher ALTER COLUMN id ADD GENERATED BY DEFAULT AS IDENTITY (
    SEQUENCE NAME public.publisher_id_seq
    START WITH 1
    INCREMENT BY 1
    NO MINVALUE
    NO MAXVALUE
    CACHE 1
);


--
-- Name: subject; Type: TABLE; Schema: public; Owner: postgres
--

CREATE TABLE public.subject (
    id bigint NOT NULL,
    subject_name character varying(255) NOT NULL
);


ALTER TABLE public.subject OWNER TO postgres;

--
-- Name: subject_id_seq; Type: SEQUENCE; Schema: public; Owner: postgres
--

ALTER TABLE public.subject ALTER COLUMN id ADD GENERATED BY DEFAULT AS IDENTITY (
    SEQUENCE NAME public.subject_id_seq
    START WITH 1
    INCREMENT BY 1
    NO MINVALUE
    NO MAXVALUE
    CACHE 1
);


--
-- Name: users; Type: TABLE; Schema: public; Owner: postgres
--

CREATE TABLE public.users (
    user_name character varying(255) NOT NULL,
    email character varying(255),
    first_name character varying(255),
    last_name character varying(255),
    password character varying(255)
);


ALTER TABLE public.users OWNER TO postgres;

--
-- Data for Name: author; Type: TABLE DATA; Schema: public; Owner: postgres
--

COPY public.author (id, author_name) FROM stdin;
1	Greg L. Turnquist
2	Shagun Bakliwal
3	Juha Hinkula
4	Mark Heckler
5	Magnus Larsson
6	Ross Burns
7	Karl Polanyi
8	Philip Freeman
9	Karl-Heinz Frieser
10	Peter Padfield
11	Riemer Grootjans
12	Morgan Ramsay
13	Tobias M. Scholz
14	Shreekant W Shiralkar
15	Bruno Evangelista
16	Alexandre Santos Lobao
17	Jose ANTONIO LEAL DEFARIAS
18	Eliyahu M. Goldratt
19	Jeff Cox
20	United States. Bureau of International Commerce
21	Martin Fowler
22	Graham R. Rhind
23	Gordon Linoff
24	Meir Shahar
25	H. T. Norris
26	John Bowman
27	R. W. Southern
28	Marvin Alan Sweeney
29	Walter Isaacson
30	Rachel Carson
31	David Bohm
32	George Dyson
33	Charles Darwin
34	Daniel Defoe
35	David Garland
36	Fyodor Dostoyevsky
37	Keith Carabine
38	Bronislaw Geremek
39	Jeremy Bentham
40	Sarah J. Maas
41	Kenneth Grahame
42	Lewis Carroll
43	Clive Staples Lewis
44	Philip Pullman
45	Elizabeth Gilbert
46	Siri Hustvedt
47	Susan Abulhawa
48	Julian Barnes
49	Jane Austen
50	David Herbert Lawrence
51	Judith McNaught
52	Jude Deveraux
53	Sandra Brown
54	Johanna Lindsey
55	Craig Bourne
56	Emily Caddick Bourne
57	Brian M. Stableford
58	Jukka Mikkonen
59	Martin W. Huang
60	Maria Cristina Fumagalli
61	Peter Hulme
62	Owen Robinson
63	Lesley Wylie
64	Gabriel García Márquez
65	Ruth Ware
66	Matthew Reilly
67	Jack Higgins
68	Dick Francis
\.


--
-- Data for Name: book; Type: TABLE DATA; Schema: public; Owner: postgres
--

COPY public.book (isbn, price, publish_date, thumbnail, title, publisher_id, subject_id) FROM stdin;
9781803249896	41.56	2022-12-30	http://books.google.com/books/content?id=soakEAAAQBAJ&printsec=frontcover&img=1&zoom=5&edge=curl&source=gbs_api	Learning Spring Boot 3.0	1	\N
9789391030223	98.92	2021-10-30	http://books.google.com/books/content?id=cpdLEAAAQBAJ&printsec=frontcover&img=1&zoom=5&edge=curl&source=gbs_api	Hands-on Application Development using Spring Boot	2	\N
9781805126812	36.5	2023-10-31	http://books.google.com/books/content?id=24jhEAAAQBAJ&printsec=frontcover&img=1&zoom=5&edge=curl&source=gbs_api	Full Stack Development with Spring Boot 3 and React	1	\N
9781492076957	52.84	2021-02-05	http://books.google.com/books/content?id=RQUaEAAAQBAJ&printsec=frontcover&img=1&zoom=5&edge=curl&source=gbs_api	Spring Boot: Up and Running	3	\N
9781805125556	67.33	2023-08-31	http://books.google.com/books/content?id=JPPSEAAAQBAJ&printsec=frontcover&img=1&zoom=5&edge=curl&source=gbs_api	Microservices with Spring Boot 3 and Spring Cloud	1	\N
9780415271059	27.42	2005-01-01	http://books.google.com/books/content?id=SVR2cjWptCAC&printsec=frontcover&img=1&zoom=5&edge=curl&source=gbs_api	Damascus	4	1
9780807056424	45.56	2001-03-28	http://books.google.com/books/content?id=YfpIs1Z6B2sC&printsec=frontcover&img=1&zoom=5&edge=curl&source=gbs_api	The Great Transformation	5	1
9781439193280	23.33	2011-01-04	http://books.google.com/books/content?id=Br-Ho0rlFGwC&printsec=frontcover&img=1&zoom=5&edge=curl&source=gbs_api	Alexander the Great	6	1
9781612513584	67.35	2013-04-11	http://books.google.com/books/content?id=GTw4AAAAQBAJ&printsec=frontcover&img=1&zoom=5&edge=curl&source=gbs_api	The Blitzkrieg Legend	7	1
97893633083962	61.18	1995-01-01	http://books.google.com/books/content?id=1YwhAAAAMAAJ&printsec=frontcover&img=1&zoom=5&source=gbs_api	War Beneath the Sea	8	1
9781430218562	79.61	2009-05-26	http://books.google.com/books/content?id=1sIzdipoXuQC&printsec=frontcover&img=1&zoom=5&edge=curl&source=gbs_api	XNA 3.0 Game Programming Recipes	9	2
9781430233527	57.44	2012-06-08	http://books.google.com/books/content?id=lESCCXkdy3YC&printsec=frontcover&img=1&zoom=5&edge=curl&source=gbs_api	Gamers at Work	9	2
9783030111991	36.55	2019-02-20	http://books.google.com/books/content?id=6BaJDwAAQBAJ&printsec=frontcover&img=1&zoom=5&edge=curl&source=gbs_api	eSports is Business	10	2
9781484224212	93.05	2016-11-18	http://books.google.com/books/content?id=ezCIDQAAQBAJ&printsec=frontcover&img=1&zoom=5&edge=curl&source=gbs_api	IT Through Experiential Learning	9	2
9781430218180	99.11	2009-05-31	http://books.google.com/books/content?id=9GwrmHRl490C&printsec=frontcover&img=1&zoom=5&edge=curl&source=gbs_api	Beginning XNA 3.0 Game Programming	9	2
9780884270614	27.89	1992-01-01	http://books.google.com/books/content?id=_JY0ADdZ3h4C&printsec=frontcover&img=1&zoom=5&source=gbs_api	The Goal	11	3
97878012961415	41.04	1977-01-01	http://books.google.com/books/content?id=uQtrj-wdGcAC&printsec=frontcover&img=1&zoom=5&edge=curl&source=gbs_api	Iran	11	3
9780321127426	38.4	2003-01-01	http://books.google.com/books/content?id=Jl5rkQnbfAIC&printsec=frontcover&img=1&zoom=5&edge=curl&source=gbs_api	Patterns of Enterprise Application Architecture	12	3
9780566081095	88.67	1998-01-01	http://books.google.com/books/content?id=PfJtoKj-VF4C&printsec=frontcover&img=1&zoom=5&edge=curl&source=gbs_api	Global Sourcebook of Address Data Management	13	3
9780470099513	38.12	2008-01-01	http://books.google.com/books/content?id=_NaqvTLuthsC&printsec=frontcover&img=1&zoom=5&edge=curl&source=gbs_api	Data Analysis Using SQL and Excel	8	3
9780824831103	46.71	2008-01-10	http://books.google.com/books/content?id=KiNEB0H6S0EC&printsec=frontcover&img=1&zoom=5&edge=curl&source=gbs_api	The Shaolin Monastery	14	4
9780872499775	51.63	1993-01-01	http://books.google.com/books/content?id=RGmzir-ITtUC&printsec=frontcover&img=1&zoom=5&edge=curl&source=gbs_api	Islam in the Balkans	15	4
9780915138272	54.63	1977-01-01	http://books.google.com/books/content?id=HMlJAwAAQBAJ&printsec=frontcover&img=1&zoom=5&edge=curl&source=gbs_api	Samaritan Documents	16	4
9780140137552	53.05	1990-08-16	http://books.google.com/books/content?id=FIJPEAAAQBAJ&printsec=frontcover&img=1&zoom=5&source=gbs_api	Western Society and the Church in the Middle Ages	17	4
9780687008445	95.6	2005-01-01	http://books.google.com/books/content?id=9nppHCywauIC&printsec=frontcover&img=1&zoom=5&edge=curl&source=gbs_api	The Prophetic Literature	18	4
9781416539322	49.94	2007-04-10	http://books.google.com/books/content?id=m-AWQWmnICYC&printsec=frontcover&img=1&zoom=5&edge=curl&source=gbs_api	Einstein	6	5
9780618249060	33.47	2002-01-01	http://books.google.com/books/content?id=bCwuxmvsDoYC&printsec=frontcover&img=1&zoom=5&source=gbs_api	Silent Spring	19	5
9780486659695	27.49	1989-05-01	http://books.google.com/books/content?id=GKVGDwAAQBAJ&printsec=frontcover&img=1&zoom=5&edge=curl&source=gbs_api	Quantum Theory	20	5
97898984048152	25.32	1997-05-01	http://books.google.com/books/content?id=v8DaAAAAMAAJ&printsec=frontcover&img=1&zoom=5&source=gbs_api	Darwin Among The Machines	21	5
9780517123201	47.91	1979-01-01	http://books.google.com/books/content?id=FD7YtQEACAAJ&printsec=frontcover&img=1&zoom=5&source=gbs_api	The Origin of Species	11	5
9781853260735	95.36	1993-01-01	http://books.google.com/books/content?id=kzuSuZj03P8C&printsec=frontcover&img=1&zoom=5&edge=curl&source=gbs_api	Moll Flanders	22	6
9780198299370	97.43	2001-03-29	http://books.google.com/books/content?id=XcYoDVjVAIIC&printsec=frontcover&img=1&zoom=5&edge=curl&source=gbs_api	The Culture of Control	23	6
9781840224306	27.79	2000-01-01	http://books.google.com/books/content?id=bAtLzdTvzJcC&printsec=frontcover&img=1&zoom=5&edge=curl&source=gbs_api	Crime and Punishment	22	6
9780521026123	19.82	2006-04-27	http://books.google.com/books/content?id=Eucl6BKvlmsC&printsec=frontcover&img=1&zoom=5&edge=curl&source=gbs_api	The Margins of Society in Late Medieval Paris	24	6
97837983554895	34.73	1876-01-01	http://books.google.com/books/content?id=Hc19ju-_jLgC&printsec=frontcover&img=1&zoom=5&edge=curl&source=gbs_api	An Introduction to the Principles of Morals and Legislation	11	6
9781408851982	26.36	2014-01-01	http://books.google.com/books/content?id=xLacAgAAQBAJ&printsec=frontcover&img=1&zoom=5&edge=curl&source=gbs_api	The Assassin's Blade	25	7
9781853261220	29.69	1993-01-01	http://books.google.com/books/content?id=Mo7D3Je7_DMC&printsec=frontcover&img=1&zoom=5&edge=curl&source=gbs_api	The Wind in the Willows	22	7
97875227268814	22.28	1897-01-01	http://books.google.com/books/content?id=i2MCAAAAYAAJ&printsec=frontcover&img=1&zoom=5&edge=curl&source=gbs_api	Through the Looking Glass	11	7
9780006716815	14.93	1998-01-01	http://books.google.com/books/content?id=Pnqx6B2lF60C&printsec=frontcover&img=1&zoom=5&source=gbs_api	The Silver Chair	26	7
9780345413352	85.62	1997-01-01	http://books.google.com/books/content?id=cvbXm1rhJeIC&printsec=frontcover&img=1&zoom=5&source=gbs_api	The Golden Compass	27	7
9780747585664	94.6	2007-03-05	http://books.google.com/books/content?id=QdCNeNx6LJUC&printsec=frontcover&img=1&zoom=5&edge=curl&source=gbs_api	Eat, Pray, Love	25	8
9781594132667	74.23	2007-01-01	http://books.google.com/books/content?id=h5ZCPgAACAAJ&printsec=frontcover&img=1&zoom=5&source=gbs_api	Eat, Pray, Love	28	8
9781476747231	83.64	2014-03-11	http://books.google.com/books/content?id=-676AgAAQBAJ&printsec=frontcover&img=1&zoom=5&edge=curl&source=gbs_api	The Blazing World	6	8
9781982137045	73.25	2021-11-02	http://books.google.com/books/content?id=r4ZGEAAAQBAJ&printsec=frontcover&img=1&zoom=5&edge=curl&source=gbs_api	Against the Loveless World	6	8
9780735273337	78.06	2017-01-01		The Sense of an Ending	11	8
9780192815033	23.71	1980-01-01	http://books.google.com/books/content?id=EvqJCGeqKhsC&printsec=frontcover&img=1&zoom=5&source=gbs_api	Pride and Prejudice	29	9
97864567654085	93.94	1977-01-01	http://books.google.com/books/content?id=FTDuAAAAMAAJ&printsec=frontcover&img=1&zoom=5&source=gbs_api	Sons and Lovers	30	9
9780743442237	55.76	2001-12-01	http://books.google.com/books/content?id=_y8kwT-j3sUC&printsec=frontcover&img=1&zoom=5&edge=curl&source=gbs_api	Simple Gifts	6	9
9781551662916	67.77	1986-01-01	http://books.google.com/books/content?id=QES7mCcS4EwC&printsec=frontcover&img=1&zoom=5&source=gbs_api	Above and Beyond	31	9
9780739446461	58.49	1985-01-01	http://books.google.com/books/content?id=w4b-I_NSgXYC&printsec=frontcover&img=1&zoom=5&source=gbs_api	Love Only Once	11	9
9780199675319	75.69	2016-01-01	http://books.google.com/books/content?id=4O9cCwAAQBAJ&printsec=frontcover&img=1&zoom=5&edge=curl&source=gbs_api	Time in Fiction	32	10
9780415974608	98.32	2006-01-01	http://books.google.com/books/content?id=uefwmdROKTAC&printsec=frontcover&img=1&zoom=5&edge=curl&source=gbs_api	Science Fact and Science Fiction	33	10
9781441154002	10.32	2013-04-14	http://books.google.com/books/content?id=3vRLAQAAQBAJ&printsec=frontcover&img=1&zoom=5&edge=curl&source=gbs_api	Cognitive Value of Philosophical Fiction	25	10
9780674005136	59.14	2001-01-01	http://books.google.com/books/content?id=D1z6Oz29AOIC&printsec=frontcover&img=1&zoom=5&edge=curl&source=gbs_api	Desire and Fictional Narrative in Late Imperial China	34	10
9781846318900	80.18	2013-01-01	http://books.google.com/books/content?id=KEEiCwAAQBAJ&printsec=frontcover&img=1&zoom=5&edge=curl&source=gbs_api	Surveying the American Tropics	32	10
97884338738095	45.17	1997-01-01	http://books.google.com/books/content?id=AREEAQAAIAAJ&printsec=frontcover&img=1&zoom=5&source=gbs_api	News of a Kidnapping	11	11
9781846558900	12.79	2016-01-01	http://books.google.com/books/content?id=dyB8DAAAQBAJ&printsec=frontcover&img=1&zoom=5&source=gbs_api	The Woman in Cabin 10	35	11
9781476749556	13.09	2015-01-27	http://books.google.com/books/content?id=RI1KBgAAQBAJ&printsec=frontcover&img=1&zoom=5&edge=curl&source=gbs_api	The Great Zoo of China	6	11
9780718141455	26.49	1997-01-01	http://books.google.com/books/content?id=KOwxup1lengC&printsec=frontcover&img=1&zoom=5&source=gbs_api	The President's Daughter	36	11
97869325487679	38.88	1999-01-01	http://books.google.com/books/content?id=EaJaAAAAMAAJ&printsec=frontcover&img=1&zoom=5&source=gbs_api	Second Wind	11	11
\.


--
-- Data for Name: book_author; Type: TABLE DATA; Schema: public; Owner: postgres
--

COPY public.book_author (isbn, author_id) FROM stdin;
9781803249896	1
9789391030223	2
9781805126812	3
9781492076957	4
9781805125556	5
9780415271059	6
9780807056424	7
9781439193280	8
9781612513584	9
97893633083962	10
9781430218562	11
9781430233527	12
9783030111991	13
9781484224212	14
9781430218180	15
9781430218180	17
9781430218180	16
9781430218180	11
9780884270614	18
9780884270614	19
97878012961415	20
9780321127426	21
9780566081095	22
9780470099513	23
9780824831103	24
9780872499775	25
9780915138272	26
9780140137552	27
9780687008445	28
9781416539322	29
9780618249060	30
9780486659695	31
97898984048152	32
9780517123201	33
9781853260735	34
9780198299370	35
9781840224306	37
9781840224306	36
9780521026123	38
97837983554895	39
9781408851982	40
9781853261220	41
97875227268814	42
9780006716815	43
9780345413352	44
9780747585664	45
9781594132667	45
9781476747231	46
9781982137045	47
9780735273337	48
9780192815033	49
97864567654085	50
9780743442237	52
9780743442237	51
9781551662916	53
9780739446461	54
9780199675319	55
9780199675319	56
9780415974608	57
9781441154002	58
9780674005136	59
9781846318900	61
9781846318900	62
9781846318900	63
9781846318900	60
97884338738095	64
9781846558900	65
9781476749556	66
9780718141455	67
97869325487679	68
\.


--
-- Data for Name: orders; Type: TABLE DATA; Schema: public; Owner: postgres
--

COPY public.orders (isbn, user_name, order_date) FROM stdin;
\.


--
-- Data for Name: publisher; Type: TABLE DATA; Schema: public; Owner: postgres
--

COPY public.publisher (id, publisher_name) FROM stdin;
1	Packt Publishing Ltd
2	BPB Publications
3	O'Reilly Media
4	Psychology Press
5	Beacon Press
6	Simon and Schuster
7	Naval Institute Press
8	John Wiley & Sons
9	Apress
10	Springer
11	
12	Addison-Wesley Professional
13	Gower Publishing, Ltd.
14	University of Hawaii Press
15	Univ of South Carolina Press
16	Wipf and Stock Publishers
17	Penguin
18	Abingdon Press
19	Mariner Books
20	Courier Corporation
21	Addison Wesley Publishing Company
22	Wordsworth Editions
23	Clarendon Studies in Criminolo
24	Cambridge University Press
25	A&C Black
26	HarperCollins UK
27	Del Rey
28	Large Print Press
29	Oxford University Press, USA
30	Penguin Group
31	Mira Books
32	Oxford University Press
33	Taylor & Francis
34	Harvard Univ Asia Center
35	Random House
36	Editeurs Divers anglais
\.


--
-- Data for Name: subject; Type: TABLE DATA; Schema: public; Owner: postgres
--

COPY public.subject (id, subject_name) FROM stdin;
1	History
2	Programming
3	Business
4	Religion
5	Science
6	Crime
7	Fantasy
8	Literary
9	Romance
10	Science Fiction
11	Thrillers
\.


--
-- Data for Name: users; Type: TABLE DATA; Schema: public; Owner: postgres
--

COPY public.users (user_name, email, first_name, last_name, password) FROM stdin;
\.


--
-- Name: author_id_seq; Type: SEQUENCE SET; Schema: public; Owner: postgres
--

SELECT pg_catalog.setval('public.author_id_seq', 68, true);


--
-- Name: publisher_id_seq; Type: SEQUENCE SET; Schema: public; Owner: postgres
--

SELECT pg_catalog.setval('public.publisher_id_seq', 36, true);


--
-- Name: subject_id_seq; Type: SEQUENCE SET; Schema: public; Owner: postgres
--

SELECT pg_catalog.setval('public.subject_id_seq', 11, true);


--
-- Name: author author_pkey; Type: CONSTRAINT; Schema: public; Owner: postgres
--

ALTER TABLE ONLY public.author
    ADD CONSTRAINT author_pkey PRIMARY KEY (id);


--
-- Name: book_author book_author_pkey; Type: CONSTRAINT; Schema: public; Owner: postgres
--

ALTER TABLE ONLY public.book_author
    ADD CONSTRAINT book_author_pkey PRIMARY KEY (isbn, author_id);


--
-- Name: book book_pkey; Type: CONSTRAINT; Schema: public; Owner: postgres
--

ALTER TABLE ONLY public.book
    ADD CONSTRAINT book_pkey PRIMARY KEY (isbn);


--
-- Name: orders orders_pkey; Type: CONSTRAINT; Schema: public; Owner: postgres
--

ALTER TABLE ONLY public.orders
    ADD CONSTRAINT orders_pkey PRIMARY KEY (isbn, user_name);


--
-- Name: publisher publisher_pkey; Type: CONSTRAINT; Schema: public; Owner: postgres
--

ALTER TABLE ONLY public.publisher
    ADD CONSTRAINT publisher_pkey PRIMARY KEY (id);


--
-- Name: subject subject_pkey; Type: CONSTRAINT; Schema: public; Owner: postgres
--

ALTER TABLE ONLY public.subject
    ADD CONSTRAINT subject_pkey PRIMARY KEY (id);


--
-- Name: subject uk9x44p8j4xvkb6vhaccexngaao; Type: CONSTRAINT; Schema: public; Owner: postgres
--

ALTER TABLE ONLY public.subject
    ADD CONSTRAINT uk9x44p8j4xvkb6vhaccexngaao UNIQUE (subject_name);


--
-- Name: users users_pkey; Type: CONSTRAINT; Schema: public; Owner: postgres
--

ALTER TABLE ONLY public.users
    ADD CONSTRAINT users_pkey PRIMARY KEY (user_name);


--
-- Name: orders fk342rpsyr8y2cvbi4sgwlo3eg1; Type: FK CONSTRAINT; Schema: public; Owner: postgres
--

ALTER TABLE ONLY public.orders
    ADD CONSTRAINT fk342rpsyr8y2cvbi4sgwlo3eg1 FOREIGN KEY (user_name) REFERENCES public.users(user_name);


--
-- Name: book fk7ql5tfbkjvbc3k9xhtfva8nxq; Type: FK CONSTRAINT; Schema: public; Owner: postgres
--

ALTER TABLE ONLY public.book
    ADD CONSTRAINT fk7ql5tfbkjvbc3k9xhtfva8nxq FOREIGN KEY (subject_id) REFERENCES public.subject(id);


--
-- Name: book_author fkbjqhp85wjv8vpr0beygh6jsgo; Type: FK CONSTRAINT; Schema: public; Owner: postgres
--

ALTER TABLE ONLY public.book_author
    ADD CONSTRAINT fkbjqhp85wjv8vpr0beygh6jsgo FOREIGN KEY (author_id) REFERENCES public.author(id);


--
-- Name: book_author fkddiaong6i51tm6bl4ordev531; Type: FK CONSTRAINT; Schema: public; Owner: postgres
--

ALTER TABLE ONLY public.book_author
    ADD CONSTRAINT fkddiaong6i51tm6bl4ordev531 FOREIGN KEY (isbn) REFERENCES public.book(isbn);


--
-- Name: book fkgtvt7p649s4x80y6f4842pnfq; Type: FK CONSTRAINT; Schema: public; Owner: postgres
--

ALTER TABLE ONLY public.book
    ADD CONSTRAINT fkgtvt7p649s4x80y6f4842pnfq FOREIGN KEY (publisher_id) REFERENCES public.publisher(id);


--
-- Name: orders fkrdlri0gvixa69kkym1fqeuusf; Type: FK CONSTRAINT; Schema: public; Owner: postgres
--

ALTER TABLE ONLY public.orders
    ADD CONSTRAINT fkrdlri0gvixa69kkym1fqeuusf FOREIGN KEY (isbn) REFERENCES public.book(isbn);


--
-- PostgreSQL database dump complete
--

